﻿<?xml version="1.0" encoding="utf-8"?>
<!--**************************************************************************************
This file contains answers for known opens and findings that cannot be evaluated through technical means.
<STIGComments Name> must match the STIG ShortName or Name in -ListSupportedProducts.  When a match is found, this answer file will automatically for the STIG.
<Vuln ID> is the STIG VulnID.  Multiple Vuln ID sections may be specified in a single Answer File.
<AnswerKey Name> is the name of the key assigned to the answer.  "DEFAULT" can be used to apply the comment to any asset.  Multiple AnswerKey Name sections may be configured within a single Vuln ID section.
<ExpectedStatus> is the initial status after the checklist is created.  Valid entries are "Not_Reviewed", "Open", "NotAFinding", and "Not_Applicable".
<ValidationCode> must be Powershell code that returns a True/False value.  If blank, "true" is assumed.
<ValidTrueStatus> is the status the check should be set to if ValidationCode returns "true".  Valid entries are "Not_Reviewed", "Open", "NotAFinding", and "Not_Applicable".  If blank, <ExpectedStatus> is assumed.
<ValidTrueComment> is the verbiage to add to the Comments section if ValidationCode returns "true".
<ValidFalseStatus> is the status the check should be set to if ValidationCode DOES NOT return "true".  Valid entries are "Not_Reviewed", "Open", "NotAFinding", and "Not_Applicable".  If blank, <ExpectedStatus> is assumed.
<ValidFalseComment> is the verbiage to add to the Comments section if ValidationCode DOES NOT return "true".
**************************************************************************************-->
<STIGComments Name="DotNET4">
  <Vuln ID="V-225236">
    <!--Software utilizing .Net 4.0 must be identified and relevant access controls configured.-->
    <AnswerKey Name="DEFAULT">
      <ExpectedStatus>Not_Reviewed</ExpectedStatus>
      <ValidationCode></ValidationCode>
      <ValidTrueStatus>Open</ValidTrueStatus>
      <ValidTrueComment>No process identified to efficiently determine every .NET 4 application on the system and the runtime host for each.</ValidTrueComment>
      <ValidFalseStatus></ValidFalseStatus>
      <ValidFalseComment></ValidFalseComment>
    </AnswerKey>
  </Vuln>
</STIGComments>